{"cameraMode":{"drawMode":0,"name":"Shaded","section":"Shading Mode"},"sceneLighting":true,"audioPlay":false,"sceneViewState":{"m_AlwaysRefresh":false,"showFog":true,"showSkybox":true,"showFlares":true,"showImageEffects":true,"showParticleSystems":true,"showVisualEffectGraphs":true,"m_FxEnabled":true},"in2DMode":false,"pivot":{"x":0.07176021486520767,"y":-0.033672869205474856,"z":-0.04876763001084328},"rotation":{"x":0.20515954494476319,"y":-0.10750536620616913,"z":0.022705258801579477,"w":0.9725682139396668},"size":0.6981920003890991,"orthographic":false}