{"cameraMode":{"drawMode":0,"name":"Shaded","section":"Shading Mode"},"sceneLighting":true,"audioPlay":false,"sceneViewState":{"m_AlwaysRefresh":false,"showFog":true,"showSkybox":true,"showFlares":true,"showImageEffects":true,"showParticleSystems":true,"showVisualEffectGraphs":true,"m_FxEnabled":true},"in2DMode":false,"pivot":{"x":-0.6645776629447937,"y":3.0947670936584474,"z":-0.11046522855758667},"rotation":{"x":-0.013261248357594014,"y":-0.9324901103973389,"z":0.3593301773071289,"w":-0.03441878780722618},"size":1.0770329236984254,"orthographic":false}